{
	"class_name" : "PinholeCameraParameters",
	"extrinsic" : 
	[
		-0.14723550053432899,
		-0.071404534626432634,
		0.98652070420097537,
		0.0,
		-0.97587324422839727,
		-0.15208800905084122,
		-0.1566545521269464,
		0.0,
		0.16122381518109699,
		-0.98578427150048098,
		-0.047289020720645579,
		0.0,
		-48.038310382564759,
		-6.4692851257831183,
		-1.2427935188084076,
		1.0
	],
	"intrinsic" : 
	{
		"height" : 1005,
		"intrinsic_matrix" : 
		[
			870.35553080336092,
			0.0,
			0.0,
			0.0,
			870.35553080336092,
			0.0,
			479.5,
			502.0,
			1.0
		],
		"width" : 960
	},
	"version_major" : 1,
	"version_minor" : 0
}