{
	"class_name" : "PinholeCameraParameters",
	"extrinsic" : 
	[
		-0.20209222844317432,
		0.47317509469114549,
		0.8574753996278246,
		0.0,
		-0.93214570603419555,
		0.1756559378656932,
		-0.31662181575901405,
		0.0,
		-0.30043820317143954,
		-0.86327882011349566,
		0.40556943279612145,
		0.0,
		0.36423956969236559,
		-5.7859395484697558,
		-5.7285201845126705,
		1.0
	],
	"intrinsic" : 
	{
		"height" : 1005,
		"intrinsic_matrix" : 
		[
			870.35553080336092,
			0.0,
			0.0,
			0.0,
			870.35553080336092,
			0.0,
			959.5,
			502.0,
			1.0
		],
		"width" : 1920
	},
	"version_major" : 1,
	"version_minor" : 0
}