{
	"class_name" : "PinholeCameraParameters",
	"extrinsic" : 
	[
		-0.28186033908843316,
		-0.061335939282146104,
		0.95749289908663582,
		0.0,
		-0.94700814917347698,
		-0.1424427648948903,
		-0.2878986351619694,
		0.0,
		0.15404646911883188,
		-0.9879007851406314,
		-0.017936668323434195,
		0.0,
		-40.462351823563303,
		-6.3767025895194918,
		-7.2860556259799285,
		1.0
	],
	"intrinsic" : 
	{
		"height" : 1005,
		"intrinsic_matrix" : 
		[
			870.35553080336092,
			0.0,
			0.0,
			0.0,
			870.35553080336092,
			0.0,
			479.5,
			502.0,
			1.0
		],
		"width" : 960
	},
	"version_major" : 1,
	"version_minor" : 0
}